{
  "headline_median_q_star": 0.2,
  "inflight_gap_trials": {
    "wave1-c0a:0": 12,
    "wave1-c0a:1": 11,
    "wave1-c0a:2": 11,
    "wave1-c0b:0": 9,
    "wave1-c0b:1": 14,
    "wave1-c0b:2": 11,
    "wave1-c1:0": 14,
    "wave1-c1:1": 12,
    "wave1-c1:2": 13,
    "wave1-c2:0": 14,
    "wave1-c2:1": 13,
    "wave1-c2:2": 15,
    "wave1-c3:0": 8,
    "wave1-c3:1": 12,
    "wave1-c3:2": 9
  },
  "median_rows_saved_fraction_at_q_star": 0.12430555555555556,
  "null_median_q_star": 0.2,
  "oracle_pairwise_concordance": {
    "A0": {
      "cell_bootstrap": {
        "ci_high": 0.7777777777777778,
        "ci_low": 0.4444444444444444,
        "mean": 0.6222222222222221
      },
      "concordant": 28.0,
      "fraction": 0.6222222222222222,
      "pairs": 45
    },
    "A1": {
      "cell_bootstrap": {
        "ci_high": 0.7333333333333333,
        "ci_low": 0.4,
        "mean": 0.5777777777777777
      },
      "concordant": 26.0,
      "fraction": 0.5777777777777777,
      "pairs": 45
    },
    "A2": {
      "cell_bootstrap": {
        "ci_high": 0.7333333333333332,
        "ci_low": 0.35555555555555557,
        "mean": 0.5555555555555555
      },
      "concordant": 25.0,
      "fraction": 0.5555555555555556,
      "pairs": 45
    },
    "A3": {
      "cell_bootstrap": {
        "ci_high": 0.5,
        "ci_low": 0.5,
        "mean": 0.5
      },
      "concordant": 22.5,
      "fraction": 0.5,
      "pairs": 45
    },
    "EB": {
      "cell_bootstrap": {
        "ci_high": 0.7333333333333333,
        "ci_low": 0.4444444444444444,
        "mean": 0.6
      },
      "concordant": 27.0,
      "fraction": 0.6,
      "pairs": 45
    }
  },
  "t1_spearman_adjacent_catboost": {
    "cells": 15,
    "ci_high": 0.52766431075338,
    "ci_low": 0.41355257806567336,
    "mean": 0.46864525557815606,
    "support_cell_cutoffs": 169
  },
  "t1_spearman_adjacent_opponent_mean": {
    "cells": 15,
    "ci_high": 0.3644411182035032,
    "ci_low": 0.27002263652829334,
    "mean": 0.31680290965923136,
    "support_cell_cutoffs": 167
  },
  "t2_balanced_panel": {
    "catboost_regressor": {
      "0-10": 0.10963516245659102,
      "10-20": 0.1256740525788145,
      "20-40": 0.10865509255995191,
      "n_cells": 15,
      "tail": 0.011370926292711732
    },
    "opponent_mean": {
      "0-10": -0.08423168047437594,
      "10-20": -0.10634259031103678,
      "20-40": -0.07524776459065846,
      "n_cells": 15,
      "tail": -0.20079944462505597
    },
    "random_forest": {
      "0-10": 0.07092536475869808,
      "10-20": 0.06118554461411604,
      "20-40": 0.07014427830383921,
      "n_cells": 15,
      "tail": -0.03798592730163084
    },
    "random_forest_tuned": {
      "0-10": -0.004764933919695841,
      "10-20": -0.008944828540066641,
      "20-40": 0.012543335368591896,
      "n_cells": 15,
      "tail": -0.05239569506010797
    },
    "twfe_additive": {
      "0-10": -0.06430722407215364,
      "10-20": -0.10694340373164975,
      "20-40": -0.08642610077801913,
      "n_cells": 15,
      "tail": -0.1978756571783956
    }
  },
  "t2_drift_catboost": {
    "0-10": {
      "ci_high": 0.1694403284095654,
      "ci_low": 0.07264169068565712,
      "mean": 0.12182273806840903,
      "support": 169
    },
    "10-20": {
      "ci_high": 0.14552182968546604,
      "ci_low": 0.059092195136513315,
      "mean": 0.10364434050797687,
      "support": 167
    },
    "20-40": {
      "ci_high": 0.11688009060650109,
      "ci_low": 0.01457651852883293,
      "mean": 0.06757928903579383,
      "support": 152
    },
    "tail": {
      "ci_high": 0.09295079036593652,
      "ci_low": -0.06439103489740904,
      "mean": 0.011370926292711732,
      "support": 122
    }
  }
}
