{
  "n_studies": 15,
  "n_total_trial_rows": 2374,
  "per_study_row_counts": {
    "c0a_seed0": 168,
    "c0a_seed1": 205,
    "c0a_seed2": 183,
    "c0b_seed0": 177,
    "c0b_seed1": 151,
    "c0b_seed2": 145,
    "c1_seed0": 147,
    "c1_seed1": 153,
    "c1_seed2": 149,
    "c2_seed0": 131,
    "c2_seed1": 167,
    "c2_seed2": 146,
    "c3_seed0": 156,
    "c3_seed1": 148,
    "c3_seed2": 148
  },
  "checkpoints_T": [
    50,
    100,
    150,
    200
  ],
  "window_W": 50,
  "bucket_W": 25,
  "time_to_frac": 0.9,
  "s01_best_so_far": {
    "c0a": {
      "final_best_per_seed": {
        "0": 0.8327471298874795,
        "1": 0.5633755851613234,
        "2": 0.6350075854498958
      }
    },
    "c0b": {
      "final_best_per_seed": {
        "0": 0.8928557232682539,
        "1": 0.9138514485143601,
        "2": 0.7969338422444129
      }
    },
    "c1": {
      "final_best_per_seed": {
        "0": 0.7021123801030297,
        "1": 1.118596105636875,
        "2": 1.070863086209003
      }
    },
    "c2": {
      "final_best_per_seed": {
        "0": 0.6751292306755697,
        "1": 0.8425520052722791,
        "2": 0.9367334195588832
      }
    },
    "c3": {
      "final_best_per_seed": {
        "0": 0.834962050673408,
        "1": 1.278386686139818,
        "2": 1.2375895365784793
      }
    }
  },
  "s02_sample_efficiency": {
    "per_cell": {
      "c0a": {
        "T=50": {
          "n_seeds": 3,
          "median": 0.38028740571108777,
          "min": 0.2671524887765152,
          "max": 0.596804615468222,
          "values": [
            0.2671524887765152,
            0.38028740571108777,
            0.596804615468222
          ]
        },
        "T=100": {
          "n_seeds": 3,
          "median": 0.5185391051502102,
          "min": 0.496074031479274,
          "max": 0.6350075854498958,
          "values": [
            0.496074031479274,
            0.5185391051502102,
            0.6350075854498958
          ]
        },
        "T=150": {
          "n_seeds": 3,
          "median": 0.6350075854498958,
          "min": 0.5185391051502102,
          "max": 0.8327471298874795,
          "values": [
            0.8327471298874795,
            0.5185391051502102,
            0.6350075854498958
          ]
        },
        "T=200": {
          "n_seeds": 3,
          "median": 0.6350075854498958,
          "min": 0.5633755851613234,
          "max": 0.8327471298874795,
          "values": [
            0.8327471298874795,
            0.5633755851613234,
            0.6350075854498958
          ]
        }
      },
      "c0b": {
        "T=50": {
          "n_seeds": 3,
          "median": 0.6018324969127934,
          "min": 0.5759996773922437,
          "max": 0.6532279480047178,
          "values": [
            0.5759996773922437,
            0.6018324969127934,
            0.6532279480047178
          ]
        },
        "T=100": {
          "n_seeds": 3,
          "median": 0.7857714818842351,
          "min": 0.6920532659491734,
          "max": 0.8172823806854794,
          "values": [
            0.7857714818842351,
            0.8172823806854794,
            0.6920532659491734
          ]
        },
        "T=150": {
          "n_seeds": 3,
          "median": 0.7969338422444129,
          "min": 0.7857714818842351,
          "max": 0.9138514485143601,
          "values": [
            0.7857714818842351,
            0.9138514485143601,
            0.7969338422444129
          ]
        },
        "T=200": {
          "n_seeds": 3,
          "median": 0.8928557232682539,
          "min": 0.7969338422444129,
          "max": 0.9138514485143601,
          "values": [
            0.8928557232682539,
            0.9138514485143601,
            0.7969338422444129
          ]
        }
      },
      "c1": {
        "T=50": {
          "n_seeds": 3,
          "median": 0.4915228738718562,
          "min": 0.3814981849412209,
          "max": 0.6136277691828236,
          "values": [
            0.4915228738718562,
            0.6136277691828236,
            0.3814981849412209
          ]
        },
        "T=100": {
          "n_seeds": 3,
          "median": 0.6588577496493022,
          "min": 0.6141178890990763,
          "max": 1.070863086209003,
          "values": [
            0.6588577496493022,
            0.6141178890990763,
            1.070863086209003
          ]
        },
        "T=150": {
          "n_seeds": 3,
          "median": 1.070863086209003,
          "min": 0.7021123801030297,
          "max": 1.118596105636875,
          "values": [
            0.7021123801030297,
            1.118596105636875,
            1.070863086209003
          ]
        },
        "T=200": {
          "n_seeds": 3,
          "median": 1.070863086209003,
          "min": 0.7021123801030297,
          "max": 1.118596105636875,
          "values": [
            0.7021123801030297,
            1.118596105636875,
            1.070863086209003
          ]
        }
      },
      "c2": {
        "T=50": {
          "n_seeds": 3,
          "median": 0.6717618739182213,
          "min": 0.6522588737538714,
          "max": 0.7840905438387393,
          "values": [
            0.6717618739182213,
            0.6522588737538714,
            0.7840905438387393
          ]
        },
        "T=100": {
          "n_seeds": 3,
          "median": 0.6751292306755697,
          "min": 0.6522588737538714,
          "max": 0.9367334195588832,
          "values": [
            0.6751292306755697,
            0.6522588737538714,
            0.9367334195588832
          ]
        },
        "T=150": {
          "n_seeds": 3,
          "median": 0.8425520052722791,
          "min": 0.6751292306755697,
          "max": 0.9367334195588832,
          "values": [
            0.6751292306755697,
            0.8425520052722791,
            0.9367334195588832
          ]
        },
        "T=200": {
          "n_seeds": 3,
          "median": 0.8425520052722791,
          "min": 0.6751292306755697,
          "max": 0.9367334195588832,
          "values": [
            0.6751292306755697,
            0.8425520052722791,
            0.9367334195588832
          ]
        }
      },
      "c3": {
        "T=100": {
          "n_seeds": 3,
          "median": 0.7634962614253511,
          "min": 0.6505117294248377,
          "max": 0.779421460960465,
          "values": [
            0.6505117294248377,
            0.779421460960465,
            0.7634962614253511
          ]
        },
        "T=150": {
          "n_seeds": 3,
          "median": 1.2375895365784793,
          "min": 0.8068124916411131,
          "max": 1.278386686139818,
          "values": [
            0.8068124916411131,
            1.278386686139818,
            1.2375895365784793
          ]
        },
        "T=200": {
          "n_seeds": 3,
          "median": 1.2375895365784793,
          "min": 0.834962050673408,
          "max": 1.278386686139818,
          "values": [
            0.834962050673408,
            1.278386686139818,
            1.2375895365784793
          ]
        }
      }
    },
    "table": [
      {
        "cell": "c0a",
        "T": 50,
        "median": 0.38028740571108777,
        "min": 0.2671524887765152,
        "max": 0.596804615468222,
        "n": 3
      },
      {
        "cell": "c0a",
        "T": 100,
        "median": 0.5185391051502102,
        "min": 0.496074031479274,
        "max": 0.6350075854498958,
        "n": 3
      },
      {
        "cell": "c0a",
        "T": 150,
        "median": 0.6350075854498958,
        "min": 0.5185391051502102,
        "max": 0.8327471298874795,
        "n": 3
      },
      {
        "cell": "c0a",
        "T": 200,
        "median": 0.6350075854498958,
        "min": 0.5633755851613234,
        "max": 0.8327471298874795,
        "n": 3
      },
      {
        "cell": "c0b",
        "T": 50,
        "median": 0.6018324969127934,
        "min": 0.5759996773922437,