hull,true_sigma2,homo_sigma2_fit,het_sigma2_fit,homo_rmse,het_rmse,homo_ll,het_ll,homo_mean_pred_var,het_mean_pred_var
cruiser_signal,0.03,0.013408722547476715,0.029742818616217127,0.03183828046962476,0.03117750585859041,0.17342800745637227,0.2984849286384816,0.01646164114538357,0.029743080217280088
destroyer_signal,0.03,0.013408722547476715,0.03406968770706384,0.026675089956697574,0.02603450959835162,0.15468370811667642,0.29674399078800406,0.016449201004680173,0.03406993985385728
frigate_flat,6e-05,0.013408722547476715,6.366190285674767e-05,0.006446393740159315,0.0005250232527668459,1.1352185491467952,3.3907918489009665,0.016452235168581582,6.391184348132493e-05
frigate_weak,0.002,0.013408722547476715,0.0021481263632262093,0.013394156088218085,0.009371051529406621,1.0736885177301647,1.6652818310363464,0.016454286672653536,0.002148385542929984
