{
  "mean_rho_by_estimator": {
    "A": 0.1237940140387139,
    "A0": 0.1357240117140281,
    "A0_LEX0.001": 0.126349884705905,
    "A0_LEX0.01": 0.12674033301033047,
    "A0_LEX0.1": 0.1288743063635039,
    "A_LEX0.001": 0.11819917474597008,
    "A_LEX0.01": 0.11857906225551931,
    "A_LEX0.1": 0.12224629166029688,
    "EB7": 0.15433413195842494,
    "EB7_LEX0.001": 0.14539985926373053,
    "EB7_LEX0.01": 0.14601250800917592,
    "EB7_LEX0.1": 0.14689541485514016,
    "EB8_aft": 0.15114886080117845,
    "EB8_aft_LEX0.001": 0.14089334758303268,
    "EB8_aft_LEX0.01": 0.14170289763432395,
    "EB8_aft_LEX0.1": 0.14242816350136914,
    "EB8_dur": 0.15813858106517922,
    "EB8_dur_LEX0.001": 0.15276851817311865,
    "EB8_dur_LEX0.01": 0.1534489054598605,
    "EB8_dur_LEX0.1": 0.15582582270157,
    "EB8_ttk": 0.15536996247577872,
    "EB8_ttk_LEX0.001": 0.14500850640608096,
    "EB8_ttk_LEX0.01": 0.14527245283067453,
    "EB8_ttk_LEX0.1": 0.14575803602854714,
    "EB9_ttk_aft": 0.1523815400805185,
    "EB9_ttk_aft_LEX0.001": 0.14104526655625393,
    "EB9_ttk_aft_LEX0.01": 0.1413692372446903,
    "EB9_ttk_aft_LEX0.1": 0.14214877008756394,
    "EB9_ttk_dur": 0.1586425372225305,
    "EB9_ttk_dur_LEX0.001": 0.15298415047450806,
    "EB9_ttk_dur_LEX0.01": 0.15343287878570602,
    "EB9_ttk_dur_LEX0.1": 0.15546829941081602
  },
  "deltas": {
    "A": {
      "vs_A0": -0.011929997675314191,
      "vs_A": 0.0,
      "vs_EB7": -0.030540117919711035
    },
    "A0": {
      "vs_A0": 0.0,
      "vs_A": 0.011929997675314191,
      "vs_EB7": -0.018610120244396844
    },
    "A0_LEX0.001": {
      "vs_A0": -0.009374127008123095,
      "vs_A": 0.002555870667191096,
      "vs_EB7": -0.02798424725251994
    },
    "A0_LEX0.01": {
      "vs_A0": -0.008983678703697623,
      "vs_A": 0.0029463189716165683,
      "vs_EB7": -0.027593798948094467
    },
    "A0_LEX0.1": {
      "vs_A0": -0.0068497053505242045,
      "vs_A": 0.005080292324789987,
      "vs_EB7": -0.02545982559492105
    },
    "A_LEX0.001": {
      "vs_A0": -0.01752483696805801,
      "vs_A": -0.0055948392927438195,
      "vs_EB7": -0.036134957212454855
    },
    "A_LEX0.01": {
      "vs_A0": -0.01714494945850878,
      "vs_A": -0.005214951783194588,
      "vs_EB7": -0.03575506970290562
    },
    "A_LEX0.1": {
      "vs_A0": -0.013477720053731213,
      "vs_A": -0.0015477223784170213,
      "vs_EB7": -0.032087840298128056
    },
    "EB7": {
      "vs_A0": 0.018610120244396844,
      "vs_A": 0.030540117919711035,
      "vs_EB7": 0.0
    },
    "EB7_LEX0.001": {
      "vs_A0": 0.009675847549702438,
      "vs_A": 0.02160584522501663,
      "vs_EB7": -0.008934272694694406
    },
    "EB7_LEX0.01": {
      "vs_A0": 0.010288496295147831,
      "vs_A": 0.022218493970462022,
      "vs_EB7": -0.008321623949249013
    },
    "EB7_LEX0.1": {
      "vs_A0": 0.011171403141112063,
      "vs_A": 0.023101400816426254,
      "vs_EB7": -0.007438717103284781
    },
    "EB8_aft": {
      "vs_A0": 0.01542484908715036,
      "vs_A": 0.027354846762464552,
      "vs_EB7": -0.003185271157246483
    },
    "EB8_aft_LEX0.001": {
      "vs_A0": 0.005169335869004588,
      "vs_A": 0.01709933354431878,
      "vs_EB7": -0.013440784375392256
    },
    "EB8_aft_LEX0.01": {
      "vs_A0": 0.005978885920295857,
      "vs_A": 0.017908883595610048,
      "vs_EB7": -0.012631234324100987
    },
    "EB8_aft_LEX0.1": {
      "vs_A0": 0.006704151787341045,
      "vs_A": 0.018634149462655236,
      "vs_EB7": -0.011905968457055799
    },
    "EB8_dur": {
      "vs_A0": 0.02241456935115113,
      "vs_A": 0.03434456702646532,
      "vs_EB7": 0.0038044491067542874
    },
    "EB8_dur_LEX0.001": {
      "vs_A0": 0.017044506459090558,
      "vs_A": 0.02897450413440475,
      "vs_EB7": -0.0015656137853062857
    },
    "EB8_dur_LEX0.01": {
      "vs_A0": 0.017724893745832415,
      "vs_A": 0.029654891421146606,
      "vs_EB7": -0.0008852264985644287
    },
    "EB8_dur_LEX0.1": {
      "vs_A0": 0.020101810987541907,
      "vs_A": 0.0320318086628561,
      "vs_EB7": 0.0014916907431450632
    },
    "EB8_ttk": {
      "vs_A0": 0.01964595076175063,
      "vs_A": 0.03157594843706482,
      "vs_EB7": 0.0010358305173537863
    },
    "EB8_ttk_LEX0.001": {
      "vs_A0": 0.009284494692052864,
      "vs_A": 0.021214492367367055,
      "vs_EB7": -0.00932562555234398
    },
    "EB8_ttk_LEX0.01": {
      "vs_A0": 0.009548441116646433,
      "vs_A": 0.021478438791960625,
      "vs_EB7": -0.00906167912775041
    },
    "EB8_ttk_LEX0.1": {
      "vs_A0": 0.010034024314519052,
      "vs_A": 0.021964021989833243,
      "vs_EB7": -0.008576095929877792
    },
    "EB9_ttk_aft": {
      "vs_A0": 0.0166575283664904,
      "vs_A": 0.02858752604180459,
      "vs_EB7": -0.0019525918779064455
    },
    "EB9_ttk_aft_LEX0.001": {
      "vs_A0": 0.005321254842225842,
      "vs_A": 0.017251252517540033,
      "vs_EB7": -0.013288865402171002
    },
    "EB9_ttk_aft_LEX0.01": {
      "vs_A0": 0.005645225530662212,
      "vs_A": 0.017575223205976404,
      "vs_EB7": -0.012964894713734632
    },
    "EB9_ttk_aft_LEX0.1": {
      "vs_A0": 0.006424758373535844,
      "vs_A": 0.018354756048850035,
      "vs_EB7": -0.012185361870861
    },
    "EB9_ttk_dur": {
      "vs_A0": 0.022918525508502402,
      "vs_A": 0.03484852318381659,
      "vs_EB7": 0.004308405264105558
    },
    "EB9_ttk_dur_LEX0.001": {
      "vs_A0": 0.017260138760479965,
      "vs_A": 0.029190136435794156,
      "vs_EB7": -0.0013499814839168789
    },
    "EB9_ttk_dur_LEX0.01": {
      "vs_A0": 0.01770886707167793,
      "vs_A": 0.029638864746992122,
      "vs_EB7": -0.0009012531727189133
    },
    "EB9_ttk_dur_LEX0.1": {
      "vs_A0": 0.019744287696787932,
      "vs_A": 0.03167428537210212,
      "vs_EB7": 0.0011341674523910883
    }
  },
  "placebo_duration": {
    "pearson_r": -0.0975340812134751,
    "pearson_p": 0.031749900558677824,
    "spearman_rho": -0.08912408475045151,
    "spearman_p": 0.04980968569968247,
    "n": 485
  },
  "placebo_proj_ttk": {
    "pearson_r": -0.15117604056080888,
    "pearson_p": 0.0008379920348449705,
    "spearman_rho": -0.13305780553591734,
    "spearman_p": 0.003326919200118561,
    "n": 485
  },
  "placebo_aft_resid": {
    "pearson_r": 0.030562427201974267,
    "pearson_p": 0.5019098658990514,
    "spearman_rho": 0.04331706106151592,
    "spearman_p": 0.3411250757234884,
    "n": 485
  },
  "n_probes": 10,
  "n_boot": 200,
  "gate_margin": 0.02,
  "lex_epsilons": [
    0.001,
    0.01,
    0.1
  ]
}