{
  "mean_rho_by_estimator": {
    "A": 0.2584231365763319,
    "A0": 0.2665237021874248,
    "A0_LEX0.001": 0.08883800410116202,
    "A0_LEX0.01": 0.0893438140806562,
    "A0_LEX0.1": 0.10110047846889954,
    "A_LEX0.001": 0.08504442925495558,
    "A_LEX0.01": 0.084771018455229,
    "A_LEX0.1": 0.09777853725222148,
    "EB7": 0.22201156255392068,
    "EB7_LEX0.001": 0.10513328776486672,
    "EB7_LEX0.01": 0.10513328776486672,
    "EB7_LEX0.1": 0.10898154477101847,
    "EB8_aft": 0.3260682517733965,
    "EB8_aft_LEX0.001": 0.21503759398496242,
    "EB8_aft_LEX0.01": 0.21543403964456598,
    "EB8_aft_LEX0.1": 0.22535885167464115,
    "EB8_dur": 0.3582953466958635,
    "EB8_dur_LEX0.001": 0.20121667805878332,
    "EB8_dur_LEX0.01": 0.20175666438824336,
    "EB8_dur_LEX0.1": 0.21641148325358853,
    "EB8_ttk": 0.22520871972631654,
    "EB8_ttk_LEX0.001": 0.10619275461380726,
    "EB8_ttk_LEX0.01": 0.10563226247436774,
    "EB8_ttk_LEX0.1": 0.10892002734107997,
    "EB9_ttk_aft": 0.3395319467644873,
    "EB9_ttk_aft_LEX0.001": 0.2174709501025291,
    "EB9_ttk_aft_LEX0.01": 0.21791524265208478,
    "EB9_ttk_aft_LEX0.1": 0.22529733424470266,
    "EB9_ttk_dur": 0.3660285193209164,
    "EB9_ttk_dur_LEX0.001": 0.19456596035543405,
    "EB9_ttk_dur_LEX0.01": 0.19531784005468217,
    "EB9_ttk_dur_LEX0.1": 0.20844155844155848
  },
  "deltas": {
    "A": {
      "vs_A0": -0.008100565611092903,
      "vs_A": 0.0,
      "vs_EB7": 0.03641157402241124
    },
    "A0": {
      "vs_A0": 0.0,
      "vs_A": 0.008100565611092903,
      "vs_EB7": 0.044512139633504144
    },
    "A0_LEX0.001": {
      "vs_A0": -0.1776856980862628,
      "vs_A": -0.1695851324751699,
      "vs_EB7": -0.13317355845275866
    },
    "A0_LEX0.01": {
      "vs_A0": -0.17717988810676863,
      "vs_A": -0.16907932249567573,
      "vs_EB7": -0.13266774847326449
    },
    "A0_LEX0.1": {
      "vs_A0": -0.1654232237185253,
      "vs_A": -0.1573226581074324,
      "vs_EB7": -0.12091108408502114
    },
    "A_LEX0.001": {
      "vs_A0": -0.18147927293246924,
      "vs_A": -0.17337870732137634,
      "vs_EB7": -0.1369671332989651
    },
    "A_LEX0.01": {
      "vs_A0": -0.18175268373219583,
      "vs_A": -0.17365211812110293,
      "vs_EB7": -0.13724054409869169
    },
    "A_LEX0.1": {
      "vs_A0": -0.16874516493520336,
      "vs_A": -0.16064459932411046,
      "vs_EB7": -0.1242330253016992
    },
    "EB7": {
      "vs_A0": -0.044512139633504144,
      "vs_A": -0.03641157402241124,
      "vs_EB7": 0.0
    },
    "EB7_LEX0.001": {
      "vs_A0": -0.1613904144225581,
      "vs_A": -0.1532898488114652,
      "vs_EB7": -0.11687827478905397
    },
    "EB7_LEX0.01": {
      "vs_A0": -0.1613904144225581,
      "vs_A": -0.1532898488114652,
      "vs_EB7": -0.11687827478905397
    },
    "EB7_LEX0.1": {
      "vs_A0": -0.15754215741640637,
      "vs_A": -0.14944159180531347,
      "vs_EB7": -0.11303001778290221
    },
    "EB8_aft": {
      "vs_A0": 0.05954454958597166,
      "vs_A": 0.06764511519706456,
      "vs_EB7": 0.1040566892194758
    },
    "EB8_aft_LEX0.001": {
      "vs_A0": -0.05148610820246241,
      "vs_A": -0.04338554259136951,
      "vs_EB7": -0.0069739685689582664
    },
    "EB8_aft_LEX0.01": {
      "vs_A0": -0.05108966254285885,
      "vs_A": -0.04298909693176595,
      "vs_EB7": -0.006577522909354705
    },
    "EB8_aft_LEX0.1": {
      "vs_A0": -0.04116485051278368,
      "vs_A": -0.03306428490169078,
      "vs_EB7": 0.0033472891207204647
    },
    "EB8_dur": {
      "vs_A0": 0.09177164450843867,
      "vs_A": 0.09987221011953157,
      "vs_EB7": 0.1362837841419428
    },
    "EB8_dur_LEX0.001": {
      "vs_A0": -0.0653070241286415,
      "vs_A": -0.0572064585175486,
      "vs_EB7": -0.02079488449513736
    },
    "EB8_dur_LEX0.01": {
      "vs_A0": -0.06476703779918147,
      "vs_A": -0.05666647218808857,
      "vs_EB7": -0.020254898165677326
    },
    "EB8_dur_LEX0.1": {
      "vs_A0": -0.0501122189338363,
      "vs_A": -0.0420116533227434,
      "vs_EB7": -0.005600079300332156
    },
    "EB8_ttk": {
      "vs_A0": -0.04131498246110829,
      "vs_A": -0.03321441685001539,
      "vs_EB7": 0.0031971571723958536
    },
    "EB8_ttk_LEX0.001": {
      "vs_A0": -0.16033094757361757,
      "vs_A": -0.15223038196252467,
      "vs_EB7": -0.11581880794011343
    },
    "EB8_ttk_LEX0.01": {
      "vs_A0": -0.16089143971305708,
      "vs_A": -0.15279087410196418,
      "vs_EB7": -0.11637930007955294
    },
    "EB8_ttk_LEX0.1": {
      "vs_A0": -0.15760367484634485,
      "vs_A": -0.14950310923525195,
      "vs_EB7": -0.11309153521284071
    },
    "EB9_ttk_aft": {
      "vs_A0": 0.07300824457706245,
      "vs_A": 0.08110881018815536,
      "vs_EB7": 0.1175203842105666
    },
    "EB9_ttk_aft_LEX0.001": {
      "vs_A0": -0.049052752084895734,
      "vs_A": -0.04095218647380283,
      "vs_EB7": -0.00454061245139159
    },
    "EB9_ttk_aft_LEX0.01": {
      "vs_A0": -0.04860845953534004,
      "vs_A": -0.04050789392424714,
      "vs_EB7": -0.004096319901835899
    },
    "EB9_ttk_aft_LEX0.1": {
      "vs_A0": -0.041226367942722164,
      "vs_A": -0.03312580233162926,
      "vs_EB7": 0.00328577169078198
    },
    "EB9_ttk_dur": {
      "vs_A0": 0.09950481713349157,
      "vs_A": 0.10760538274458448,
      "vs_EB7": 0.14401695676699572
    },
    "EB9_ttk_dur_LEX0.001": {
      "vs_A0": -0.07195774183199077,
      "vs_A": -0.06385717622089787,
      "vs_EB7": -0.02744560219848663
    },
    "EB9_ttk_dur_LEX0.01": {
      "vs_A0": -0.07120586213274266,
      "vs_A": -0.06310529652164976,
      "vs_EB7": -0.026693722499238515
    },
    "EB9_ttk_dur_LEX0.1": {
      "vs_A0": -0.058082143745866344,
      "vs_A": -0.04998157813477344,
      "vs_EB7": -0.0135700041123622
    }
  },
  "placebo_duration": {
    "pearson_r": -0.6311429711327705,
    "pearson_p": 1.8408609745871475e-07,
    "spearman_rho": -0.6315789473684211,
    "spearman_p": 1.794778583484915e-07,
    "n": 56
  },
  "placebo_proj_ttk": {
    "pearson_r": -0.08332090797353796,
    "pearson_p": 0.5415196362957984,
    "spearman_rho": -0.11941420736889391,
    "spearman_p": 0.3807030114026742,
    "n": 56
  },
  "placebo_aft_resid": {
    "pearson_r": -0.48752104703915117,
    "pearson_p": 0.0001384751318807764,
    "spearman_rho": -0.525768967874231,
    "spearman_p": 3.165628188265365e-05,
    "n": 56
  },
  "n_probes": 10,
  "n_boot": 200,
  "gate_margin": 0.02,
  "lex_epsilons": [
    0.001,
    0.01,
    0.1
  ]
}