pair,delta,ci_lo,ci_hi
A-EB7,0.03641157402241124,-0.08324839459948524,0.13144889170269086
A0-EB7,0.044512139633504144,-0.04704775648241333,0.12174222353441379
EB8_aft-EB7,0.1040566892194758,0.0617394237977133,0.1395962041883747
EB8_dur-EB7,0.13628378414194287,0.07916281437848152,0.19365610172452183
EB8_ttk-EB7,0.0031971571723958536,-0.0038523620043753037,0.010246676349167066
EB9_ttk_aft-EB7,0.1175203842105666,0.06757674943613534,0.17173730511115534
EB9_ttk_dur-EB7,0.14401695676699572,0.08333627476434824,0.20743268868542675
