pair,delta,ci_lo,ci_hi
A-EB7,-0.030540117919711007,-0.05412346977074621,-0.008372157130378989
A0-EB7,-0.01861012024439679,-0.03816816387995153,0.0007689871030473133
EB8_aft-EB7,-0.0031852711572464554,-0.0083854948829474,0.0003403086629132315
EB8_dur-EB7,0.003804449106754315,-0.00342515535758029,0.010264164325384921
EB8_ttk-EB7,0.001035830517353814,-0.005635862819159095,0.006503495947320897
EB9_ttk_aft-EB7,-0.0019525918779064177,-0.00818358316541997,0.0034628970204178336
EB9_ttk_dur-EB7,0.004308405264105558,-0.005020307051014836,0.013860769605297115
